,importance
vib_env_env_BPFI_1x,0.07712539828648486
vib_env_ratio_BPFO_BPFI_sum,0.058330848496759395
vib_td_mean,0.05068595332511498
vib_env_ratio_BPFO_BPFI_2x,0.04738360348477725
vib_wpd_energy_ratio_0,0.03604497023183971
vib_fd_peak_amplitude,0.02931621100979311
vib_env_env_BPFI_2x,0.02841820514129087
vib_wpd_energy_band_7,0.02407955578041312
vib_fd_spectral_centroid,0.021552251159567683
vib_wpd_energy_ratio_6,0.021497912939103733
vib_wpd_energy_ratio_7,0.020683037697260147
vib_wpd_entropy,0.018079166073052804
c2_fd_energy_2000_8000Hz,0.017871716117512072
c2_wpd_energy_band_6,0.017653483543618304
vib_wpd_energy_ratio_4,0.017254943733068046
vib_env_ratio_BPFO_BPFI_1x,0.01690691455459188
c2_wpd_energy_band_1,0.016097943646713932
vib_wpd_energy_band_4,0.015531294438926441
vib_wpd_energy_ratio_5,0.015472443841971132
vib_wpd_energy_ratio_3,0.014778095279353603
c1_wpd_energy_band_2,0.014381331658948646
c2_wpd_energy_band_2,0.0143719587680439
c1_wpd_energy_band_5,0.014098446166153309
vib_td_clearance_factor,0.013976383633064953
vib_env_env_shaft_freq_3x,0.013975631943713767
vib_env_env_shaft_freq_1x,0.013511999246631108
vib_fd_spectral_kurtosis,0.01191462611278464
c2_wpd_energy_band_5,0.011425969531743952
vib_fd_spectral_variance,0.011336645102875006
vib_env_ratio_BPFO_BPFI_3x,0.01125717669429234
vib_env_env_BPFO_1x,0.010776428957778765
vib_td_kurtosis,0.009816823238026823
c1_fd_energy_2000_8000Hz,0.009314446579103864
vib_td_shape_factor,0.00899662159005633
vib_fd_spectral_std,0.008697875886061768
vib_td_entropy,0.008220796825616274
vib_wpd_energy_ratio_1,0.007939644158138309
c1_wpd_energy_band_1,0.007842370836309356
c1_td_mean,0.007547374568234868
vib_fd_peak_frequency,0.007354810106861977
vib_fd_energy_2000_8000Hz,0.006905574929737708
c1_wpd_energy_band_6,0.006706428069405548
vib_wpd_energy_band_6,0.006611709310705359
vib_env_env_BPFI_3x,0.006538381023462008
vib_td_impulse_factor,0.0062342639424213
c1_fd_energy_8000_16000Hz,0.006221115048144786
vib_wpd_energy_band_0,0.00593855710021355
vib_env_env_BPFO_3x,0.005544830473983333
c2_fd_energy_8000_16000Hz,0.005370891075874953
vib_wpd_energy_band_1,0.005197184668045366
c2_wpd_energy_band_3,0.0051746627002982794
vib_env_env_FTF_3x,0.004471368268850784
c1_wpd_energy_band_3,0.004429686001623888
vib_wpd_energy_band_5,0.004300934439546707
vib_wpd_energy_band_3,0.004206249938471652
c2_wpd_energy_ratio_6,0.004195427399015291
vib_wpd_energy_band_2,0.0040377936958717634
vib_fd_spectral_skewness,0.0040190351522463716
c2_td_mean,0.004003694982255865
vib_fd_energy_8000_16000Hz,0.0036546526144700803
vib_fd_energy_500_2000Hz,0.0033894480652936067
vib_td_energy,0.0033457484439345653
vib_wpd_energy_ratio_2,0.0033104055388784425
c2_wpd_energy_ratio_5,0.003274186085891832
vib_fd_total_spectral_energy,0.0030811434106137446
c2_fd_spectral_centroid,0.0030756547959995984
c2_wpd_energy_band_4,0.003021566311691362
c2_fd_energy_500_2000Hz,0.0029636039171033507
c1_wpd_energy_band_4,0.00293581415248572
c2_wpd_energy_ratio_2,0.002691526832053529
c1_fd_spectral_centroid,0.0024670084525108722
vib_env_env_BSF_2x,0.002443117949619857
vib_env_env_shaft_freq_2x,0.0023416053261357257
c1_wpd_energy_band_7,0.0023150246854860986
c1_fd_energy_500_2000Hz,0.0022631158148580547
vib_td_peak,0.002260071438372987
vib_td_crest_factor,0.002245113521398579
vib_fd_energy_0_500Hz,0.0022260054263653945
vib_env_env_BSF_3x,0.002208235388171054
vib_td_std,0.0021660445687754137
c2_wpd_energy_ratio_7,0.0021630760678112483
c2_wpd_energy_ratio_1,0.0021292761345569587
c1_fd_spectral_std,0.002116401489472772
vib_td_rms,0.0019889310074544695
c2_wpd_energy_band_7,0.0019268938131168447
c1_fd_spectral_variance,0.0018523706302302407
vib_env_env_BPFO_2x,0.0017380945945312978
c1_td_shape_factor,0.0017053001292287257
vib_td_peak_to_peak,0.0016953478360972863
c2_fd_spectral_std,0.0016550353894872678
c1_td_clearance_factor,0.001550432067161428
c1_td_crest_factor,0.0015077122358450419
c1_fd_spectral_kurtosis,0.001482678791927147
c1_wpd_energy_ratio_6,0.0014433787211739918
c1_wpd_energy_ratio_0,0.0014313942843685514
vib_env_env_BSF_1x,0.0013175732271734223
c1_wpd_energy_ratio_1,0.0013127986846093523
c2_td_shape_factor,0.0012734407757075377
c2_wpd_energy_ratio_3,0.0012648116903684994
vib_env_env_FTF_2x,0.001245179940568258
c2_fd_spectral_variance,0.0011913990483655337
c1_wpd_energy_ratio_2,0.0011570854981882335
c1_wpd_energy_ratio_7,0.0011258250978556624
c1_wpd_energy_ratio_4,0.0010864739180450964
c2_fd_peak_frequency,0.0010086538599544798
c2_td_peak_to_peak,0.000985366542613825
c1_wpd_entropy,0.0009485179827485105
c1_fd_total_spectral_energy,0.0009334630603167951
c2_td_skewness,0.0009181905810674767
c2_wpd_entropy,0.0009066472001804239
c1_wpd_energy_ratio_5,0.0009044398523922635
c1_td_std,0.0008695899785502968
c2_wpd_energy_band_0,0.000802879194072504
c1_td_rms,0.0007927092459374164
c1_td_kurtosis,0.0007658908493012879
c2_fd_spectral_kurtosis,0.0007534920988081896
c1_td_impulse_factor,0.0007322015486724259
c1_fd_energy_0_500Hz,0.0007232927551200155
c1_fd_peak_amplitude,0.0007173089251288983
c1_wpd_energy_ratio_3,0.0006653513450738545
c2_td_clearance_factor,0.000643178377745179
c2_td_rms,0.0006356360583989285
c1_td_energy,0.000633654738139327
c1_fd_spectral_skewness,0.0006065555500691237
c1_td_peak_to_peak,0.0005929370485320016
c2_fd_spectral_skewness,0.0005847525342389556
c2_td_entropy,0.0005810631903622335
c1_td_peak,0.000528301283628525
c2_fd_total_spectral_energy,0.0004955399568995757
c2_wpd_energy_ratio_0,0.0004731329756326457
c1_wpd_energy_band_0,0.00046313380183575373
c2_td_peak,0.0003826298394215559
c2_td_std,0.00034267179786530465
c2_fd_energy_0_500Hz,0.00033061804615443333
c2_td_energy,0.0003077593393861752
c2_td_kurtosis,0.0003057854471846293
vib_env_env_FTF_1x,0.00030186826545431977
c2_fd_peak_amplitude,0.00029465877452963503
c2_td_crest_factor,0.0002752408467256229
c2_wpd_energy_ratio_4,0.0002526716806551816
vib_td_skewness,0.00024885710181405215
c2_td_impulse_factor,0.00022877621065571483
c1_td_skewness,0.0002146929562703302
c1_td_entropy,0.00013070304607742483
c1_fd_peak_frequency,4.8083693102394224e-05
